"","Glucose","BloodPressure","SkinThickness","Insulin","BMI","DiabetesPedigreeFunction","Age"
"Glucose",1,0.152589586568665,0.057327890738177,0.331357109920209,0.221071069458983,0.137337299828371,0.263514319824333
"BloodPressure",0.152589586568665,1,0.207370538403071,0.088933378373193,0.281805288849911,0.0412649479300986,0.239527946421364
"SkinThickness",0.057327890738177,0.207370538403071,1,0.436782570120013,0.392573204159038,0.183927572954163,-0.113970262367742
"Insulin",0.331357109920209,0.088933378373193,0.436782570120013,1,0.197859056493101,0.185070929168099,-0.0421629547353769
"BMI",0.221071069458983,0.281805288849911,0.392573204159038,0.197859056493101,1,0.140646952545105,0.0362418700922941
"DiabetesPedigreeFunction",0.137337299828371,0.0412649479300986,0.183927572954163,0.185070929168099,0.140646952545105,1,0.0335613124348055
"Age",0.263514319824333,0.239527946421364,-0.113970262367742,-0.0421629547353769,0.0362418700922941,0.0335613124348055,1
