"","Glucose","BloodPressure","SkinThickness","Insulin","BMI","DiabetesPedigreeFunction","Age"
"Glucose",1,0.105939884752639,0.065352341445616,0.259503228583346,0.057682462780656,0.0209965363949802,0.111422010220257
"BloodPressure",0.105939884752639,1,-0.0194036798352019,-0.111334551301527,0.249865302274887,-0.0534195062134016,0.280436623683014
"SkinThickness",0.065352341445616,-0.0194036798352019,1,0.436004338547429,0.324821990364835,0.261912786197548,-0.140639421145858
"Insulin",0.259503228583346,-0.111334551301527,0.436004338547429,1,0.0443584842620788,0.0872392847321681,0.00604715885530056
"BMI",0.057682462780656,0.249865302274887,0.324821990364835,0.0443584842620788,1,0.122861822983712,-0.20985536345604
"DiabetesPedigreeFunction",0.0209965363949802,-0.0534195062134016,0.261912786197548,0.0872392847321681,0.122861822983712,1,-0.0974724345764465
"Age",0.111422010220257,0.280436623683014,-0.140639421145858,0.00604715885530056,-0.20985536345604,-0.0974724345764465,1
